Workbook

Sheet Summary
A1: Person | B1: Total Hours | C1: Total $
A2: 11089 - MARIA ARROYO MUNOZ | B2: ='11089 - MARIA ARROYO MUNOZ'!E8 -> 0 | C2: ='11089 - MARIA ARROYO MUNOZ'!E25 -> 0
A3: 14886 - NAISHA ROSA LEBRÓN | B3: ='14886 - NAISHA ROSA LEBRÓN'!E9 -> 0 | C3: ='14886 - NAISHA ROSA LEBRÓN'!E26 -> 0
A4: 18353 - WILMARIE OCASIO ARROYO | B4: ='18353 - WILMARIE OCASIO ARROYO'!E7 -> 0 | C4: ='18353 - WILMARIE OCASIO ARROYO'!E24 -> 0
A5: All sheets total | B5: =SUM(B2:B4) -> 0 | C5: =SUM(C2:C4) -> 0

Sheet 11089 - MARIA ARROYO MUNOZ
A1: Person ID: 11089, Name: MARIA ARROYO MUNOZ
A2: Period: 2025-11-20 to 2025-11-26
A4: Location | B4: Date | C4: Start | D4: End | E4: Hours | F4: Details
A5: Maru | B5: 11/20/2025 | C5: 09:26:13 | D5: 13:47:53 | E5: 4.36
A6: Maru | B6: 11/24/2025 | C6: 08:54:01 | D6: 16:04:36 | E6: 7.18
A7: Maru | B7: 11/26/2025 | C7: 09:56:49 | D7: 15:00:19 | E7: 5.06
A8: Total hours | E8: 16.6
A9: Rate $ | E9: 17
A10: Total $ | E10: =E9 * E8 -> 0
A13: Location | B13: Date | C13: Check-in | D13: Check-out | E13: Rate $ | F13: Details
A14: Casa Damisela Apt 5, Mango Villas Apt 1, etc.
A15: Total $ | E15: =SUM(E14:E14) -> 0
A19: Summary
A20: Extras $ | E20: 0
A21: Subtotal $ | E21: =E10 + E15 + E20 -> 0
A22: Annual withheld, incl. today $ (limit $500) | E22: 500
A23: 10% withheld today $ | E23: =IF(E22=500, E21*0.10, 0) -> 0
A25: Total $ | E25: =E21 - E23 -> 0

Sheet 14886 - NAISHA ROSA LEBRÓN
A1: Person ID: 14886, Name: NAISHA ROSA LEBRÓN
A2: Period: 2025-11-20 to 2025-11-26
A4: Location | B4: Date | C4: Start | D4: End | E4: Hours | F4: Details
A5: Maru | B5: 11/20/2025 | C5: 09:14:26 | D5: 13:47:46 | E5: 4.56
A6: Maru | B6: 11/24/2025 | C6: 08:47:15 | D6: 16:04:06 | E6: 7.28
A7: Maru | B7: 11/25/2025 | C7: 11:17:16 | D7: 15:03:31 | E7: 3.77
A8: Maru | B8: 11/26/2025 | C8: 09:54:09 | D8: 15:00:46 | E8: 5.11
A9: Total hours | E9: 20.72
A10: Rate $ | E10: 15
A11: Total $ | E11: =E10 * E9 -> 0
A14: Location | B14: Date | C14: Check-in | D14: Check-out | E14: Rate $ | F14: Details
A15: Casa Damisela Apt 5, Mango Villas Apt 1, etc.
A16: Total $ | E16: =SUM(E15:E15) -> 0
A20: Summary
A21: Extras $ | E21: 0
A22: Subtotal $ | E22: =E11 + E16 + E21 -> 0
A23: Annual withheld, incl. today $ (limit $500) | E23: 0
A24: 10% withheld today $ | E24: =IF(E23=500, E22*0.10, 0) -> 0
A26: Total $ | E26: =E22 - E24 -> 0

Sheet 18353 - WILMARIE OCASIO ARROYO
A1: Person ID: 18353, Name: WILMARIE OCASIO ARROYO
A2: Period: 2025-11-20 to 2025-11-26
A4: Location | B4: Date | C4: Start | D4: End | E4: Hours | F4: Details
A5: Maru | B5: 11/20/2025 | C5: 08:08:53 | D5: 13:26:30 | E5: 5.29
A6: Maru | B6: 11/24/2025 | C6: 07:56:32 | D6: 16:04:28 | E6: 8.13
A7: Total hours | E7: 13.42
A8: Rate $ | E8: 17
A9: Total $ | E9: =E8 * E7 -> 0
A12: Location | B12: Date | C12: Check-in | D12: Check-out | E12: Rate $ | F12: Details
A13: Casa Damisela Apt 5, Mango Villas Apt 1, etc.
A14: Total $ | E14: =SUM(E13:E13) -> 0
A18: Summary
A19: Extras $ | E19: 150 | F19: Supervisor ($150)
A20: Subtotal $ | E20: =E9 + E14 + E19 -> 0
A21: Annual withheld, incl. today $ (limit $500) | E21: 500
A22: 10% withheld today $ | E22: =IF(E21=500, E20*0.10, 0) -> 0
A24: Total $ | E24: =E20 - E22 -> 0
